NazwaZrodlowa;NazwaDocelowa
01R0100;WS_STATUS
01R0101;WS_TZ
01R0102;WS_T1
01R0103;WS_T2
01R0104;WS_T3
01R0105;WS_T4
01R0106;WS_T5
01R0107;WS_P1
01R0108;WS_P2
01R0109;WS_P3
01R0110;WS_P4
01R0111;WS_T6
01R0112;WS_T7
01R0113;WS_T8
01R0114;WS_DP1
01R0115;WS_Y1
01R0116;WS_Y2
01R0117;WS_T9
01R0118;WS_T10
01R0119;WS_T11
01R0120;WS_DP2
01R0121;WS_Y3
01R0122;WS_Y4
01R0123;WS_T12
01R0124;WS_T13
01R0125;WS_T14
01R0126;WS_DP3
01R0127;WS_Y5
01R0128;WS_Y6
01R0129;WS_Q
01R0130;WS_DP
01R0131;WS_F1
01R0132;WS_Q1
01R0300;WS_MDI1
01R0301;WS_MDI2
01R0302;WS_MDI3
01R0303;WS_ROK
01R0304;WS_MIESIAC
01R0305;WS_DZIEN
01R0306;WS_GODZINA
01R0307;WS_MINUTA
01R0308;WS_SEKUNDA
01R0801;WS_H_TZ
01R0802;WS_H_T1
01R0803;WS_H_T2
01R0804;WS_H_T3
01R0805;WS_H_T4
01R0806;WS_H_T5
01R0807;WS_H_P1
01R0808;WS_H_P2
01R0809;WS_H_P3
01R0810;WS_H_P4
01R0811;WS_H_T6
01R0812;WS_H_T7
01R0813;WS_H_T8
01R0814;WS_H_DP1
01R0815;WS_H_Y1
01R0816;WS_H_Y2
01R0817;WS_H_T9
01R0818;WS_H_T10
01R0819;WS_H_T11
01R0820;WS_H_DP2
01R0821;WS_H_Y3
01R0822;WS_H_Y4
01R0823;WS_H_T12
01R0824;WS_H_T13
01R0825;WS_H_T14
01R0826;WS_H_DP3
01R0827;WS_H_Y5
01R0828;WS_H_Y6
01R0829;WS_H_Q
01R0830;WS_H_DP
01R0831;WS_H_F1
01R0832;WS_H_Q1
01R0850;WS_H_STATUS1
01R0851;WS_H_STATUS2
02F0300;K101_REG_START
02F0301;K101_REG_STOP
02F0302;K101_REG_ROZDZIEL
02F0309;K101_REG_POTWF2
02F0310;K101_REG_POTWF3
02F0311;K101_REG_POTWF4
02F0312;K101_REG_POTWF5
02F0313;K101_REG_POTWF6
02F0495;K101_CONTROL_GET
02F0496;K101_CONTROL_GET2
02F0499;K101_SYNC
02F0500;K101_MODE
02F0501;K101_PROTECT
02F0502;K101_SYRENA
02F0503;K101_SYRENA_OFF
02F0504;K101_WG_ZAL
02F0505;K101_WG_WYL
02F0506;K101_WK_ZAL
02F0507;K101_WK_WYL
02F0508;K101_AWARIA
02F0509;K101_AWARIA_STOP
02F0510;K101_X1_OTW
02F0511;K101_X1_ZAM
02F0512;K101_X1_STOP
02F0513;K101_X2_OTW
02F0514;K101_X2_ZAM
02F0515;K101_X2_STOP
02F0516;K101_X11_OTW
02F0517;K101_X11_ZAM
02F0518;K101_X11_STOP
02F0519;K101_X21_OTW
02F0520;K101_X21_ZAM
02F0521;K101_X21_STOP
02F0522;K101_SEKW_ODC
02F0523;K101_SEKW_URUCH
02F0524;K101_SEKW_STOP
02F0526;K101_CONTROL
02F0527;K101_CONTROL2
02F0564;K101_FIFO_READ
02R0100;K101_PR11
02R0101;K101_PR111
02R0102;K101_PR21
02R0103;K101_PR221
02R0104;K101_STATUS
02R0105;K101_ALARMY
02R0106;K101_ALARMY2
02R0107;K101_M05
02R0108;K101_M06
02R0109;K101_GODZINA
02R0110;K101_MINUTA
02R0111;K101_SEKUNDA
02R0150;K101_TR12
02R0151;K101_TR112
02R0152;K101_TR22
02R0153;K101_TR222
02R0154;K101_TR903
02R0155;K101_MR902
02R0156;K101_ROK
02R0157;K101_MIESIAC
02R0158;K101_DZIEN
02R0163;K101_STATUS_H
02R0164;K101_TR12_H
02R0165;K101_TR112_H
02R0166;K101_TR22_H
02R0167;K101_TR222_H
02R0168;K101_PR11_H
02R0169;K101_PR111_H
02R0170;K101_PR21_H
02R0171;K101_PR221_H
02R0199;StanZasuw/K101
02R0200;K101_MAX_P
02R0201;K101_SEKW_T0
02R0202;K101_SEKW_T1
02R0203;K101_SEKW_T2
02R0204;K101_SEKW_T3
02R0205;K101_AWARIA_X2_SP
02R0206;K101_X1_STV
02R0207;K101_X2_STV
02R0208;K101_X11_STV
02R0209;K101_X21_STV
02R0210;K101_X1
02R0211;K101_X2
02R0212;K101_X11
02R0213;K101_X21
02R0214;K101_X1_SP
02R0215;K101_X2_SP
02R0216;K101_X11_SP
02R0217;K101_X21_SP
02R0218;K101_SEKW_FAZA_ODC
02R0219;K101_SEKW_FAZA_URUCH
02R0250;K101_FIFO_ROK
02R0251;K101_FIFO_MIESIAC
02R0252;K101_FIFO_DZIEN
02R0253;K101_FIFO_GODZINA
02R0254;K101_FIFO_MINUTA
02R0255;K101_FIFO_SEKUNDA
02R0256;K101_FIFO_ALARMY
02R0257;K101_FIFO_ALARMY2
02R0258;K101_FIFO_M05
02R0259;K101_FIFO_M06
St_K101_REG/10/add295;K101_REG_EC2_FZ
St_K101_REG/10/add296;EC3_FZ_RAMPA
St_K101_REG/10/add297;K101_REG_EC3_FZ
St_K101_REG/10/add298;K101_REG_ALARMY
St_K101_REG/10/add299;K101_REG_FAZA
St_K101_REG/10/add300;K_PODZIAL
St_K101_REG/10/add301;EC3_FZ_Z
St_K101_REG/10/add302;K101_REG_PR21
St_K101_REG/10/add303;EC2_FZ_Z
St_K101_REG/10/add304;K101_K175_EC2PP
St_K101_REG/10/add305;K101_K175_EC2PZ
St_K101_REG/10/add306;K101_K175_EC3PP
St_K101_REG/10/add307;K101_K175_EC3PZ
St_K101_REG/10/add308;K101_K175_MDI5
St_K101_REG/10/add309;K101_K175_AISTATUS
St_K101_REG/10/add310;K101_K164_PR21
St_K101_REG/10/add311;K101_K164_PR11
St_K101_REG/10/add312;K101_K164_PR221
St_K101_REG/10/add313;K101_K164_PR111
St_K101_REG/10/add314;K101_K164_M05
St_K101_REG/10/add315;K101_K164_STATUS
St_K101_REG/10/add316;K101_K110_EC2PP
St_K101_REG/10/add317;K101_K110_EC2PZ
St_K101_REG/10/add318;K101_K110_EC3PP
St_K101_REG/10/add319;K101_K110_EC3PZ
St_K101_REG/10/add320;K101_K110_MDI5
St_K101_REG/10/add321;K101_K110_AISTATUS
St_K101_REG/10/add322;K101_EC2_FZ_S
St_K101_REG/10/add323;K101_EC2_FZ_N
St_K101_REG/10/add324;K101_EC3_FZ
St_K101_REG/10/add326;K101_EC3_FZRAD
St_K101_REG/10/add327;K101_EC3_FZPOJ
03F0495;K209_CONTROL_GET
03F0496;K209_CONTROL_GET2
03F0499;K209_SYNC
03F0500;K209_MODE
03F0501;K209_PROTECT
03F0502;K209_SYRENA
03F0503;K209_SYRENA_OFF
03F0504;K209_WG_ZAL
03F0505;K209_WG_WYL
03F0506;K209_WK_ZAL
03F0507;K209_WK_WYL
03F0508;K209_AWARIA
03F0509;K209_AWARIA_STOP
03F0510;K209_X1_OTW
03F0511;K209_X1_ZAM
03F0512;K209_X1_STOP
03F0513;K209_X2_OTW
03F0514;K209_X2_ZAM
03F0515;K209_X2_STOP
03F0516;K209_X11_OTW
03F0517;K209_X11_ZAM
03F0518;K209_X11_STOP
03F0519;K209_X21_OTW
03F0520;K209_X21_ZAM
03F0521;K209_X21_STOP
03F0522;K209_SEKW_ODC
03F0523;K209_SEKW_URUCH
03F0524;K209_SEKW_STOP
03F0526;K209_CONTROL
03F0527;K209_CONTROL2
03F0564;K209_FIFO_READ
03R0100;K209_PR11
03R0101;K209_PR111
03R0102;K209_PR21
03R0103;K209_PR221
03R0104;K209_STATUS
03R0105;K209_ALARMY
03R0106;K209_ALARMY2
03R0107;K209_M05
03R0108;K209_M06
03R0109;K209_GODZINA
03R0110;K209_MINUTA
03R0111;K209_SEKUNDA
03R0150;K209_TR12
03R0151;K209_TR112
03R0152;K209_TR22
03R0153;K209_TR222
03R0154;K209_TR903
03R0155;K209_MR902
03R0156;K209_ROK
03R0157;K209_MIESIAC
03R0158;K209_DZIEN
03R0163;K209_STATUS_H
03R0164;K209_TR12_H
03R0165;K209_TR112_H
03R0166;K209_TR22_H
03R0167;K209_TR222_H
03R0168;K209_PR11_H
03R0169;K209_PR111_H
03R0170;K209_PR21_H
03R0171;K209_PR221_H
03R0199;StanZasuw/K209
03R0200;K209_MAX_P
03R0201;K209_SEKW_T0
03R0202;K209_SEKW_T1
03R0203;K209_SEKW_T2
03R0204;K209_SEKW_T3
03R0205;K209_AWARIA_X2_SP
03R0206;K209_X1_STV
03R0207;K209_X2_STV
03R0208;K209_X11_STV
03R0209;K209_X21_STV
03R0210;K209_X1
03R0211;K209_X2
03R0212;K209_X11
03R0213;K209_X21
03R0214;K209_X1_SP
03R0215;K209_X2_SP
03R0216;K209_X11_SP
03R0217;K209_X21_SP
03R0218;K209_SEKW_FAZA_ODC
03R0219;K209_SEKW_FAZA_URUCH
03R0250;K209_FIFO_ROK
03R0251;K209_FIFO_MIESIAC
03R0252;K209_FIFO_DZIEN
03R0253;K209_FIFO_GODZINA
03R0254;K209_FIFO_MINUTA
03R0255;K209_FIFO_SEKUNDA
03R0256;K209_FIFO_ALARMY
03R0257;K209_FIFO_ALARMY2
03R0258;K209_FIFO_M05
03R0259;K209_FIFO_M06
04F0495;K1266_CONTROL_GET
04F0496;K1266_CONTROL_GET2
04F0499;K1266_SYNC
04F0500;K1266_MODE
04F0501;K1266_PROTECT
04F0502;K1266_SYRENA
04F0503;K1266_SYRENA_OFF
04F0504;K1266_WG_ZAL
04F0505;K1266_WG_WYL
04F0506;K1266_WK_ZAL
04F0507;K1266_WK_WYL
04F0508;K1266_AWARIA
04F0509;K1266_AWARIA_STOP
04F0510;K1266_X1_OTW
04F0511;K1266_X1_ZAM
04F0512;K1266_X1_STOP
04F0513;K1266_X2_OTW
04F0514;K1266_X2_ZAM
04F0515;K1266_X2_STOP
04F0516;K1266_X11_OTW
04F0517;K1266_X11_ZAM
04F0518;K1266_X11_STOP
04F0519;K1266_X21_OTW
04F0520;K1266_X21_ZAM
04F0521;K1266_X21_STOP
04F0522;K1266_SEKW_ODC
04F0523;K1266_SEKW_URUCH
04F0524;K1266_SEKW_STOP
04F0526;K1266_CONTROL
04F0527;K1266_CONTROL2
04F0564;K1266_FIFO_READ
04R0100;K1266_PR11
04R0101;K1266_PR111
04R0102;K1266_PR21
04R0103;K1266_PR221
04R0104;K1266_STATUS
04R0105;K1266_ALARMY
04R0106;K1266_ALARMY2
04R0107;K1266_M05
04R0108;K1266_M06
04R0109;K1266_GODZINA
04R0110;K1266_MINUTA
04R0111;K1266_SEKUNDA
04R0150;K1266_TR12
04R0151;K1266_TR112
04R0152;K1266_TR22
04R0153;K1266_TR222
04R0154;K1266_TR903
04R0155;K1266_MR902
04R0156;K1266_ROK
04R0157;K1266_MIESIAC
04R0158;K1266_DZIEN
04R0163;K1266_STATUS_H
04R0164;K1266_TR12_H
04R0165;K1266_TR112_H
04R0166;K1266_TR22_H
04R0167;K1266_TR222_H
04R0168;K1266_PR11_H
04R0169;K1266_PR111_H
04R0170;K1266_PR21_H
04R0171;K1266_PR221_H
04R0199;StanZasuw/K1266
04R0200;K1266_MAX_P
04R0201;K1266_SEKW_T0
04R0202;K1266_SEKW_T1
04R0203;K1266_SEKW_T2
04R0204;K1266_SEKW_T3
04R0205;K1266_AWARIA_X2_SP
04R0206;K1266_X1_STV
04R0207;K1266_X2_STV
04R0208;K1266_X11_STV
04R0209;K1266_X21_STV
04R0210;K1266_X1
04R0211;K1266_X2
04R0212;K1266_X11
04R0213;K1266_X21
04R0214;K1266_X1_SP
04R0215;K1266_X2_SP
04R0216;K1266_X11_SP
04R0217;K1266_X21_SP
04R0218;K1266_SEKW_FAZA_ODC
04R0219;K1266_SEKW_FAZA_URUCH
04R0250;K1266_FIFO_ROK
04R0251;K1266_FIFO_MIESIAC
04R0252;K1266_FIFO_DZIEN
04R0253;K1266_FIFO_GODZINA
04R0254;K1266_FIFO_MINUTA
04R0255;K1266_FIFO_SEKUNDA
04R0256;K1266_FIFO_ALARMY
04R0257;K1266_FIFO_ALARMY2
04R0258;K1266_FIFO_M05
04R0259;K1266_FIFO_M06
05F0495;K231_CONTROL_GET
05F0496;K231_CONTROL_GET2
05F0499;K231_SYNC
05F0500;K231_MODE
05F0501;K231_PROTECT
05F0502;K231_SYRENA
05F0503;K231_SYRENA_OFF
05F0504;K231_WG_ZAL
05F0505;K231_WG_WYL
05F0506;K231_WK_ZAL
05F0507;K231_WK_WYL
05F0508;K231_AWARIA
05F0509;K231_AWARIA_STOP
05F0510;K231_X1_OTW
05F0511;K231_X1_ZAM
05F0512;K231_X1_STOP
05F0513;K231_X2_OTW
05F0514;K231_X2_ZAM
05F0515;K231_X2_STOP
05F0516;K231_X11_OTW
05F0517;K231_X11_ZAM
05F0518;K231_X11_STOP
05F0519;K231_X21_OTW
05F0520;K231_X21_ZAM
05F0521;K231_X21_STOP
05F0522;K231_SEKW_ODC
05F0523;K231_SEKW_URUCH
05F0524;K231_SEKW_STOP
05F0526;K231_CONTROL
05F0527;K231_CONTROL2
05F0564;K231_FIFO_READ
05R0100;K231_PR11
05R0101;K231_PR111
05R0102;K231_PR21
05R0103;K231_PR221
05R0104;K231_STATUS
05R0105;K231_ALARMY
05R0106;K231_ALARMY2
05R0107;K231_M05
05R0108;K231_M06
05R0109;K231_GODZINA
05R0110;K231_MINUTA
05R0111;K231_SEKUNDA
05R0150;K231_TR12
05R0151;K231_TR112
05R0152;K231_TR22
05R0153;K231_TR222
05R0154;K231_TR903
05R0155;K231_MR902
05R0156;K231_ROK
05R0157;K231_MIESIAC
05R0158;K231_DZIEN
05R0163;K231_STATUS_H
05R0164;K231_TR12_H
05R0165;K231_TR112_H
05R0166;K231_TR22_H
05R0167;K231_TR222_H
05R0168;K231_PR11_H
05R0169;K231_PR111_H
05R0170;K231_PR21_H
05R0171;K231_PR221_H
05R0199;StanZasuw/K231
05R0200;K231_MAX_P
05R0201;K231_SEKW_T0
05R0202;K231_SEKW_T1
05R0203;K231_SEKW_T2
05R0204;K231_SEKW_T3
05R0205;K231_AWARIA_X2_SP
05R0206;K231_X1_STV
05R0207;K231_X2_STV
05R0208;K231_X11_STV
05R0209;K231_X21_STV
05R0210;K231_X1
05R0211;K231_X2
05R0212;K231_X11
05R0213;K231_X21
05R0214;K231_X1_SP
05R0215;K231_X2_SP
05R0216;K231_X11_SP
05R0217;K231_X21_SP
05R0218;K231_SEKW_FAZA_ODC
05R0219;K231_SEKW_FAZA_URUCH
05R0250;K231_FIFO_ROK
05R0251;K231_FIFO_MIESIAC
05R0252;K231_FIFO_DZIEN
05R0253;K231_FIFO_GODZINA
05R0254;K231_FIFO_MINUTA
05R0255;K231_FIFO_SEKUNDA
05R0256;K231_FIFO_ALARMY
05R0257;K231_FIFO_ALARMY2
05R0258;K231_FIFO_M05
05R0259;K231_FIFO_M06
06F0495;K736_CONTROL_GET
06F0496;K736_CONTROL_GET2
06F0499;K736_SYNC
06F0500;K736_MODE
06F0501;K736_PROTECT
06F0502;K736_SYRENA
06F0503;K736_SYRENA_OFF
06F0504;K736_WG_ZAL
06F0505;K736_WG_WYL
06F0506;K736_WK_ZAL
06F0507;K736_WK_WYL
06F0508;K736_AWARIA
06F0509;K736_AWARIA_STOP
06F0510;K736_X1_OTW
06F0511;K736_X1_ZAM
06F0512;K736_X1_STOP
06F0513;K736_X2_OTW
06F0514;K736_X2_ZAM
06F0515;K736_X2_STOP
06F0516;K736_X11_OTW
06F0517;K736_X11_ZAM
06F0518;K736_X11_STOP
06F0519;K736_X21_OTW
06F0520;K736_X21_ZAM
06F0521;K736_X21_STOP
06F0522;K736_SEKW_ODC
06F0523;K736_SEKW_URUCH
06F0524;K736_SEKW_STOP
06F0526;K736_CONTROL
06F0527;K736_CONTROL2
06F0564;K736_FIFO_READ
06R0100;K736_PR11
06R0101;K736_PR111
06R0102;K736_PR21
06R0103;K736_PR221
06R0104;K736_STATUS
06R0105;K736_ALARMY
06R0106;K736_ALARMY2
06R0107;K736_M05
06R0108;K736_M06
06R0109;K736_GODZINA
06R0110;K736_MINUTA
06R0111;K736_SEKUNDA
06R0150;K736_TR12
06R0151;K736_TR112
06R0152;K736_TR22
06R0153;K736_TR222
06R0154;K736_TR903
06R0155;K736_MR902
06R0156;K736_ROK
06R0157;K736_MIESIAC
06R0158;K736_DZIEN
06R0163;K736_STATUS_H
06R0164;K736_TR12_H
06R0165;K736_TR112_H
06R0166;K736_TR22_H
06R0167;K736_TR222_H
06R0168;K736_PR11_H
06R0169;K736_PR111_H
06R0170;K736_PR21_H
06R0171;K736_PR221_H
06R0199;StanZasuw/K736
06R0200;K736_MAX_P
06R0201;K736_SEKW_T0
06R0202;K736_SEKW_T1
06R0203;K736_SEKW_T2
06R0204;K736_SEKW_T3
06R0205;K736_AWARIA_X2_SP
06R0206;K736_X1_STV
06R0207;K736_X2_STV
06R0208;K736_X11_STV
06R0209;K736_X21_STV
06R0210;K736_X1
06R0211;K736_X2
06R0212;K736_X11
06R0213;K736_X21
06R0214;K736_X1_SP
06R0215;K736_X2_SP
06R0216;K736_X11_SP
06R0217;K736_X21_SP
06R0218;K736_SEKW_FAZA_ODC
06R0219;K736_SEKW_FAZA_URUCH
06R0250;K736_FIFO_ROK
06R0251;K736_FIFO_MIESIAC
06R0252;K736_FIFO_DZIEN
06R0253;K736_FIFO_GODZINA
06R0254;K736_FIFO_MINUTA
06R0255;K736_FIFO_SEKUNDA
06R0256;K736_FIFO_ALARMY
06R0257;K736_FIFO_ALARMY2
06R0258;K736_FIFO_M05
06R0259;K736_FIFO_M06
07F0495;K751_CONTROL_GET
07F0496;K751_CONTROL_GET2
07F0499;K751_SYNC
07F0500;K751_MODE
07F0501;K751_PROTECT
07F0502;K751_SYRENA
07F0503;K751_SYRENA_OFF
07F0504;K751_WG_ZAL
07F0505;K751_WG_WYL
07F0506;K751_WK_ZAL
07F0507;K751_WK_WYL
07F0508;K751_AWARIA
07F0509;K751_AWARIA_STOP
07F0510;K751_X1_OTW
07F0511;K751_X1_ZAM
07F0512;K751_X1_STOP
07F0513;K751_X2_OTW
07F0514;K751_X2_ZAM
07F0515;K751_X2_STOP
07F0516;K751_X11_OTW
07F0517;K751_X11_ZAM
07F0518;K751_X11_STOP
07F0519;K751_X21_OTW
07F0520;K751_X21_ZAM
07F0521;K751_X21_STOP
07F0522;K751_SEKW_ODC
07F0523;K751_SEKW_URUCH
07F0524;K751_SEKW_STOP
07F0526;K751_CONTROL
07F0527;K751_CONTROL2
07F0564;K751_FIFO_READ
07R0100;K751_PR11
07R0101;K751_PR111
07R0102;K751_PR21
07R0103;K751_PR221
07R0104;K751_STATUS
07R0105;K751_ALARMY
07R0106;K751_ALARMY2
07R0107;K751_M05
07R0108;K751_M06
07R0109;K751_GODZINA
07R0110;K751_MINUTA
07R0111;K751_SEKUNDA
07R0150;K751_TR12
07R0151;K751_TR112
07R0152;K751_TR22
07R0153;K751_TR222
07R0154;K751_TR903
07R0155;K751_MR902
07R0156;K751_ROK
07R0157;K751_MIESIAC
07R0158;K751_DZIEN
07R0163;K751_STATUS_H
07R0164;K751_TR12_H
07R0165;K751_TR112_H
07R0166;K751_TR22_H
07R0167;K751_TR222_H
07R0168;K751_PR11_H
07R0169;K751_PR111_H
07R0170;K751_PR21_H
07R0171;K751_PR221_H
07R0199;StanZasuw/K751
07R0200;K751_MAX_P
07R0201;K751_SEKW_T0
07R0202;K751_SEKW_T1
07R0203;K751_SEKW_T2
07R0204;K751_SEKW_T3
07R0205;K751_AWARIA_X2_SP
07R0206;K751_X1_STV
07R0207;K751_X2_STV
07R0208;K751_X11_STV
07R0209;K751_X21_STV
07R0210;K751_X1
07R0211;K751_X2
07R0212;K751_X11
07R0213;K751_X21
07R0214;K751_X1_SP
07R0215;K751_X2_SP
07R0216;K751_X11_SP
07R0217;K751_X21_SP
07R0218;K751_SEKW_FAZA_ODC
07R0219;K751_SEKW_FAZA_URUCH
07R0250;K751_FIFO_ROK
07R0251;K751_FIFO_MIESIAC
07R0252;K751_FIFO_DZIEN
07R0253;K751_FIFO_GODZINA
07R0254;K751_FIFO_MINUTA
07R0255;K751_FIFO_SEKUNDA
07R0256;K751_FIFO_ALARMY
07R0257;K751_FIFO_ALARMY2
07R0258;K751_FIFO_M05
07R0259;K751_FIFO_M06
08F0495;K762_CONTROL_GET
08F0496;K762_CONTROL_GET2
08F0499;K762_SYNC
08F0500;K762_MODE
08F0501;K762_PROTECT
08F0502;K762_SYRENA
08F0503;K762_SYRENA_OFF
08F0504;K762_WG_ZAL
08F0505;K762_WG_WYL
08F0506;K762_WK_ZAL
08F0507;K762_WK_WYL
08F0508;K762_AWARIA
08F0509;K762_AWARIA_STOP
08F0510;K762_X1_OTW
08F0511;K762_X1_ZAM
08F0512;K762_X1_STOP
08F0513;K762_X2_OTW
08F0514;K762_X2_ZAM
08F0515;K762_X2_STOP
08F0516;K762_X11_OTW
08F0517;K762_X11_ZAM
08F0518;K762_X11_STOP
08F0519;K762_X21_OTW
08F0520;K762_X21_ZAM
08F0521;K762_X21_STOP
08F0522;K762_SEKW_ODC
08F0523;K762_SEKW_URUCH
08F0524;K762_SEKW_STOP
08F0526;K762_CONTROL
08F0527;K762_CONTROL2
08F0564;K762_FIFO_READ
08R0100;K762_PR11
08R0101;K762_PR111
08R0102;K762_PR21
08R0103;K762_PR221
08R0104;K762_STATUS
08R0105;K762_ALARMY
08R0106;K762_ALARMY2
08R0107;K762_M05
08R0108;K762_M06
08R0109;K762_GODZINA
08R0110;K762_MINUTA
08R0111;K762_SEKUNDA
08R0150;K762_TR12
08R0151;K762_TR112
08R0152;K762_TR22
08R0153;K762_TR222
08R0154;K762_TR903
08R0155;K762_MR902
08R0156;K762_ROK
08R0157;K762_MIESIAC
08R0158;K762_DZIEN
08R0163;K762_STATUS_H
08R0164;K762_TR12_H
08R0165;K762_TR112_H
08R0166;K762_TR22_H
08R0167;K762_TR222_H
08R0168;K762_PR11_H
08R0169;K762_PR111_H
08R0170;K762_PR21_H
08R0171;K762_PR221_H
08R0199;StanZasuw/K762
08R0200;K762_MAX_P
08R0201;K762_SEKW_T0
08R0202;K762_SEKW_T1
08R0203;K762_SEKW_T2
08R0204;K762_SEKW_T3
08R0205;K762_AWARIA_X2_SP
08R0206;K762_X1_STV
08R0207;K762_X2_STV
08R0208;K762_X11_STV
08R0209;K762_X21_STV
08R0210;K762_X1
08R0211;K762_X2
08R0212;K762_X11
08R0213;K762_X21
08R0214;K762_X1_SP
08R0215;K762_X2_SP
08R0216;K762_X11_SP
08R0217;K762_X21_SP
08R0218;K762_SEKW_FAZA_ODC
08R0219;K762_SEKW_FAZA_URUCH
08R0250;K762_FIFO_ROK
08R0251;K762_FIFO_MIESIAC
08R0252;K762_FIFO_DZIEN
08R0253;K762_FIFO_GODZINA
08R0254;K762_FIFO_MINUTA
08R0255;K762_FIFO_SEKUNDA
08R0256;K762_FIFO_ALARMY
08R0257;K762_FIFO_ALARMY2
08R0258;K762_FIFO_M05
08R0259;K762_FIFO_M06
09F0495;K510_CONTROL_GET
09F0496;K510_CONTROL_GET2
09F0499;K510_SYNC
09F0500;K510_MODE
09F0501;K510_PROTECT
09F0502;K510_SYRENA
09F0503;K510_SYRENA_OFF
09F0504;K510_WG_ZAL
09F0505;K510_WG_WYL
09F0506;K510_WK_ZAL
09F0507;K510_WK_WYL
09F0508;K510_AWARIA
09F0509;K510_AWARIA_STOP
09F0510;K510_X1_OTW
09F0511;K510_X1_ZAM
09F0512;K510_X1_STOP
09F0513;K510_X2_OTW
09F0514;K510_X2_ZAM
09F0515;K510_X2_STOP
09F0516;K510_X11_OTW
09F0517;K510_X11_ZAM
09F0518;K510_X11_STOP
09F0519;K510_X21_OTW
09F0520;K510_X21_ZAM
09F0521;K510_X21_STOP
09F0522;K510_SEKW_ODC
09F0523;K510_SEKW_URUCH
09F0524;K510_SEKW_STOP
09F0526;K510_CONTROL
09F0527;K510_CONTROL2
09F0530;K510_X3_OTW
09F0531;K510_X3_ZAM
09F0532;K510_X3_STOP
09F0533;K510_X4_OTW
09F0534;K510_X4_ZAM
09F0535;K510_X4_STOP
09F0536;K510_X31_OTW
09F0537;K510_X31_ZAM
09F0538;K510_X31_STOP
09F0539;K510_X41_OTW
09F0540;K510_X41_ZAM
09F0541;K510_X41_STOP
09F0542;K510_SEKW_ODC1
09F0543;K510_SEKW_URUCH1
09F0544;K510_AWARIA1
09F0564;K510_FIFO_READ
09R0100;K510_PR11
09R0101;K510_PR111
09R0102;K510_PR21
09R0103;K510_PR221
09R0104;K510_STATUS
09R0105;K510_ALARMY
09R0106;K510_ALARMY2
09R0107;K510_M05
09R0108;K510_M06
09R0109;K510_GODZINA
09R0110;K510_MINUTA
09R0111;K510_SEKUNDA
09R0112;K510_PR31
09R0113;K510_PR41
09R0114;K510_M09
09R0150;K510_TR12
09R0151;K510_TR112
09R0152;K510_TR22
09R0153;K510_TR222
09R0154;K510_TR903
09R0155;K510_MR902
09R0156;K510_ROK
09R0157;K510_MIESIAC
09R0158;K510_DZIEN
09R0159;K510_TR32
09R0160;K510_TR42
09R0163;K510_STATUS_H
09R0164;K510_TR12_H
09R0165;K510_TR112_H
09R0166;K510_TR22_H
09R0167;K510_TR222_H
09R0168;K510_PR11_H
09R0169;K510_PR111_H
09R0170;K510_PR21_H
09R0171;K510_PR221_H
09R0172;K510_TR32_H
09R0173;K510_TR42_H
09R0174;K510_PR31_H
09R0175;K510_PR41_H
09R0199;StanZasuw/K510
09R0200;K510_MAX_P
09R0201;K510_SEKW_T0
09R0202;K510_SEKW_T1
09R0203;K510_SEKW_T2
09R0204;K510_SEKW_T3
09R0205;K510_AWARIA_X2_SP
09R0206;K510_X1_STV
09R0207;K510_X2_STV
09R0208;K510_X11_STV
09R0209;K510_X21_STV
09R0210;K510_X1
09R0211;K510_X2
09R0212;K510_X11
09R0213;K510_X21
09R0214;K510_X1_SP
09R0215;K510_X2_SP
09R0216;K510_X11_SP
09R0217;K510_X21_SP
09R0218;K510_SEKW_FAZA_ODC
09R0219;K510_SEKW_FAZA_URUCH
09R0220;K510_X3
09R0221;K510_X4
09R0222;K510_X31
09R0223;K510_X41
09R0224;K510_X3_SP
09R0225;K510_X4_SP
09R0226;K510_X31_SP
09R0227;K510_X41_SP
09R0228;K510_SEKW_FAZA_34
09R0250;K510_FIFO_ROK
09R0251;K510_FIFO_MIESIAC
09R0252;K510_FIFO_DZIEN
09R0253;K510_FIFO_GODZINA
09R0254;K510_FIFO_MINUTA
09R0255;K510_FIFO_SEKUNDA
09R0256;K510_FIFO_ALARMY
09R0257;K510_FIFO_ALARMY2
09R0258;K510_FIFO_M05
09R0259;K510_FIFO_M06
0AF0495;K617_CONTROL_GET
0AF0496;K617_CONTROL_GET2
0AF0499;K617_SYNC
0AF0500;K617_MODE
0AF0501;K617_PROTECT
0AF0502;K617_SYRENA
0AF0503;K617_SYRENA_OFF
0AF0504;K617_WG_ZAL
0AF0505;K617_WG_WYL
0AF0506;K617_WK_ZAL
0AF0507;K617_WK_WYL
0AF0508;K617_AWARIA
0AF0509;K617_AWARIA_STOP
0AF0510;K617_X1_OTW
0AF0511;K617_X1_ZAM
0AF0512;K617_X1_STOP
0AF0513;K617_X2_OTW
0AF0514;K617_X2_ZAM
0AF0515;K617_X2_STOP
0AF0516;K617_X11_OTW
0AF0517;K617_X11_ZAM
0AF0518;K617_X11_STOP
0AF0519;K617_X21_OTW
0AF0520;K617_X21_ZAM
0AF0521;K617_X21_STOP
0AF0522;K617_SEKW_ODC
0AF0523;K617_SEKW_URUCH
0AF0524;K617_SEKW_STOP
0AF0526;K617_CONTROL
0AF0527;K617_CONTROL2
0AF0564;K617_FIFO_READ
0AR0100;K617_PR11
0AR0101;K617_PR111
0AR0102;K617_PR21
0AR0103;K617_PR221
0AR0104;K617_STATUS
0AR0105;K617_ALARMY
0AR0106;K617_ALARMY2
0AR0107;K617_M05
0AR0108;K617_M06
0AR0109;K617_GODZINA
0AR0110;K617_MINUTA
0AR0111;K617_SEKUNDA
0AR0150;K617_TR12
0AR0151;K617_TR112
0AR0152;K617_TR22
0AR0153;K617_TR222
0AR0154;K617_TR903
0AR0155;K617_MR902
0AR0156;K617_ROK
0AR0157;K617_MIESIAC
0AR0158;K617_DZIEN
0AR0163;K617_STATUS_H
0AR0164;K617_TR12_H
0AR0165;K617_TR112_H
0AR0166;K617_TR22_H
0AR0167;K617_TR222_H
0AR0168;K617_PR11_H
0AR0169;K617_PR111_H
0AR0170;K617_PR21_H
0AR0171;K617_PR221_H
0AR0199;StanZasuw/K617
0AR0200;K617_MAX_P
0AR0201;K617_SEKW_T0
0AR0202;K617_SEKW_T1
0AR0203;K617_SEKW_T2
0AR0204;K617_SEKW_T3
0AR0205;K617_AWARIA_X2_SP
0AR0206;K617_X1_STV
0AR0207;K617_X2_STV
0AR0208;K617_X11_STV
0AR0209;K617_X21_STV
0AR0210;K617_X1
0AR0211;K617_X2
0AR0212;K617_X11
0AR0213;K617_X21
0AR0214;K617_X1_SP
0AR0215;K617_X2_SP
0AR0216;K617_X11_SP
0AR0217;K617_X21_SP
0AR0218;K617_SEKW_FAZA_ODC
0AR0219;K617_SEKW_FAZA_URUCH
0AR0250;K617_FIFO_ROK
0AR0251;K617_FIFO_MIESIAC
0AR0252;K617_FIFO_DZIEN
0AR0253;K617_FIFO_GODZINA
0AR0254;K617_FIFO_MINUTA
0AR0255;K617_FIFO_SEKUNDA
0AR0256;K617_FIFO_ALARMY
0AR0257;K617_FIFO_ALARMY2
0AR0258;K617_FIFO_M05
0AR0259;K617_FIFO_M06
0BF0495;K637_CONTROL_GET
0BF0496;K637_CONTROL_GET2
0BF0499;K637_SYNC
0BF0500;K637_MODE
0BF0501;K637_PROTECT
0BF0502;K637_SYRENA
0BF0503;K637_SYRENA_OFF
0BF0504;K637_WG_ZAL
0BF0505;K637_WG_WYL
0BF0506;K637_WK_ZAL
0BF0507;K637_WK_WYL
0BF0508;K637_AWARIA
0BF0509;K637_AWARIA_STOP
0BF0510;K637_X1_OTW
0BF0511;K637_X1_ZAM
0BF0512;K637_X1_STOP
0BF0513;K637_X2_OTW
0BF0514;K637_X2_ZAM
0BF0515;K637_X2_STOP
0BF0516;K637_X11_OTW
0BF0517;K637_X11_ZAM
0BF0518;K637_X11_STOP
0BF0519;K637_X21_OTW
0BF0520;K637_X21_ZAM
0BF0521;K637_X21_STOP
0BF0522;K637_SEKW_ODC
0BF0523;K637_SEKW_URUCH
0BF0524;K637_SEKW_STOP
0BF0526;K637_CONTROL
0BF0527;K637_CONTROL2
0BF0564;K637_FIFO_READ
0BR0100;K637_PR11
0BR0101;K637_PR111
0BR0102;K637_PR21
0BR0103;K637_PR221
0BR0104;K637_STATUS
0BR0105;K637_ALARMY
0BR0106;K637_ALARMY2
0BR0107;K637_M05
0BR0108;K637_M06
0BR0109;K637_GODZINA
0BR0110;K637_MINUTA
0BR0111;K637_SEKUNDA
0BR0150;K637_TR12
0BR0151;K637_TR112
0BR0152;K637_TR22
0BR0153;K637_TR222
0BR0154;K637_TR903
0BR0155;K637_MR902
0BR0156;K637_ROK
0BR0157;K637_MIESIAC
0BR0158;K637_DZIEN
0BR0163;K637_STATUS_H
0BR0164;K637_TR12_H
0BR0165;K637_TR112_H
0BR0166;K637_TR22_H
0BR0167;K637_TR222_H
0BR0168;K637_PR11_H
0BR0169;K637_PR111_H
0BR0170;K637_PR21_H
0BR0171;K637_PR221_H
0BR0199;StanZasuw/K637
0BR0200;K637_MAX_P
0BR0201;K637_SEKW_T0
0BR0202;K637_SEKW_T1
0BR0203;K637_SEKW_T2
0BR0204;K637_SEKW_T3
0BR0205;K637_AWARIA_X2_SP
0BR0206;K637_X1_STV
0BR0207;K637_X2_STV
0BR0208;K637_X11_STV
0BR0209;K637_X21_STV
0BR0210;K637_X1
0BR0211;K637_X2
0BR0212;K637_X11
0BR0213;K637_X21
0BR0214;K637_X1_SP
0BR0215;K637_X2_SP
0BR0216;K637_X11_SP
0BR0217;K637_X21_SP
0BR0218;K637_SEKW_FAZA_ODC
0BR0219;K637_SEKW_FAZA_URUCH
0BR0250;K637_FIFO_ROK
0BR0251;K637_FIFO_MIESIAC
0BR0252;K637_FIFO_DZIEN
0BR0253;K637_FIFO_GODZINA
0BR0254;K637_FIFO_MINUTA
0BR0255;K637_FIFO_SEKUNDA
0BR0256;K637_FIFO_ALARMY
0BR0257;K637_FIFO_ALARMY2
0BR0258;K637_FIFO_M05
0BR0259;K637_FIFO_M06
0CF0495;K110_CONTROL_GET
0CF0496;K110_CONTROL_GET2
0CF0499;K110_SYNC
0CF0500;K110_MODE
0CF0501;K110_PROTECT
0CF0502;K110_SYRENA
0CF0503;K110_SYRENA_OFF
0CF0504;K110_WG_ZAL
0CF0505;K110_WG_WYL
0CF0506;K110_WK_ZAL
0CF0507;K110_WK_WYL
0CF0508;K110_AWARIA
0CF0509;K110_AWARIA_STOP
0CF0510;K110_X1_OTW
0CF0511;K110_X1_ZAM
0CF0512;K110_X1_STOP
0CF0513;K110_X2_OTW
0CF0514;K110_X2_ZAM
0CF0515;K110_X2_STOP
0CF0516;K110_X11_OTW
0CF0517;K110_X11_ZAM
0CF0518;K110_X11_STOP
0CF0519;K110_X21_OTW
0CF0520;K110_X21_ZAM
0CF0521;K110_X21_STOP
0CF0522;K110_SEKW_ODC
0CF0523;K110_SEKW_URUCH
0CF0524;K110_SEKW_STOP
0CF0526;K110_CONTROL
0CF0527;K110_CONTROL2
0CF0564;K110_FIFO_READ
0CR0100;K110_PR11
0CR0101;K110_PR111
0CR0102;K110_PR21
0CR0103;K110_PR221
0CR0104;K110_STATUS
0CR0105;K110_ALARMY
0CR0106;K110_ALARMY2
0CR0107;K110_M05
0CR0108;K110_M06
0CR0109;K110_GODZINA
0CR0110;K110_MINUTA
0CR0111;K110_SEKUNDA
0CR0150;K110_TR12
0CR0151;K110_TR112
0CR0152;K110_TR22
0CR0153;K110_TR222
0CR0154;K110_TR903
0CR0155;K110_MR902
0CR0156;K110_ROK
0CR0157;K110_MIESIAC
0CR0158;K110_DZIEN
0CR0163;K110_STATUS_H
0CR0164;K110_TR12_H
0CR0165;K110_TR112_H
0CR0166;K110_TR22_H
0CR0167;K110_TR222_H
0CR0168;K110_PR11_H
0CR0169;K110_PR111_H
0CR0170;K110_PR21_H
0CR0171;K110_PR221_H
0CR0199;StanZasuw/K110
0CR0200;K110_MAX_P
0CR0201;K110_SEKW_T0
0CR0202;K110_SEKW_T1
0CR0203;K110_SEKW_T2
0CR0204;K110_SEKW_T3
0CR0205;K110_AWARIA_X2_SP
0CR0206;K110_X1_STV
0CR0207;K110_X2_STV
0CR0208;K110_X11_STV
0CR0209;K110_X21_STV
0CR0210;K110_X1
0CR0211;K110_X2
0CR0212;K110_X11
0CR0213;K110_X21
0CR0214;K110_X1_SP
0CR0215;K110_X2_SP
0CR0216;K110_X11_SP
0CR0217;K110_X21_SP
0CR0218;K110_SEKW_FAZA_ODC
0CR0219;K110_SEKW_FAZA_URUCH
0CR0250;K110_FIFO_ROK
0CR0251;K110_FIFO_MIESIAC
0CR0252;K110_FIFO_DZIEN
0CR0253;K110_FIFO_GODZINA
0CR0254;K110_FIFO_MINUTA
0CR0255;K110_FIFO_SEKUNDA
0CR0256;K110_FIFO_ALARMY
0CR0257;K110_FIFO_ALARMY2
0CR0258;K110_FIFO_M05
0CR0259;K110_FIFO_M06
0CR0299;K110_REG_FAZA
0CR0300;K110_K_PODZIAL
0DF0495;K104A_CONTROL_GET
0DF0496;K104A_CONTROL_GET2
0DF0499;K104A_SYNC
0DF0500;K104A_MODE
0DF0501;K104A_PROTECT
0DF0502;K104A_SYRENA
0DF0503;K104A_SYRENA_OFF
0DF0504;K104A_WG_ZAL
0DF0505;K104A_WG_WYL
0DF0506;K104A_WK_ZAL
0DF0507;K104A_WK_WYL
0DF0508;K104A_AWARIA
0DF0509;K104A_AWARIA_STOP
0DF0510;K104A_X1_OTW
0DF0511;K104A_X1_ZAM
0DF0512;K104A_X1_STOP
0DF0513;K104A_X2_OTW
0DF0514;K104A_X2_ZAM
0DF0515;K104A_X2_STOP
0DF0516;K104A_X11_OTW
0DF0517;K104A_X11_ZAM
0DF0518;K104A_X11_STOP
0DF0519;K104A_X21_OTW
0DF0520;K104A_X21_ZAM
0DF0521;K104A_X21_STOP
0DF0522;K104A_SEKW_ODC
0DF0523;K104A_SEKW_URUCH
0DF0524;K104A_SEKW_STOP
0DF0526;K104A_CONTROL
0DF0527;K104A_CONTROL2
0DF0564;K104A_FIFO_READ
0DR0100;K104A_PR11
0DR0101;K104A_PR111
0DR0102;K104A_PR21
0DR0103;K104A_PR221
0DR0104;K104A_STATUS
0DR0105;K104A_ALARMY
0DR0106;K104A_ALARMY2
0DR0107;K104A_M05
0DR0108;K104A_M06
0DR0109;K104A_GODZINA
0DR0110;K104A_MINUTA
0DR0111;K104A_SEKUNDA
0DR0150;K104A_TR12
0DR0151;K104A_TR112
0DR0152;K104A_TR22
0DR0153;K104A_TR222
0DR0154;K104A_TR903
0DR0155;K104A_MR902
0DR0156;K104A_ROK
0DR0157;K104A_MIESIAC
0DR0158;K104A_DZIEN
0DR0163;K104A_STATUS_H
0DR0164;K104A_TR12_H
0DR0165;K104A_TR112_H
0DR0166;K104A_TR22_H
0DR0167;K104A_TR222_H
0DR0168;K104A_PR11_H
0DR0169;K104A_PR111_H
0DR0170;K104A_PR21_H
0DR0171;K104A_PR221_H
0DR0199;StanZasuw/K104A
0DR0200;K104A_MAX_P
0DR0201;K104A_SEKW_T0
0DR0202;K104A_SEKW_T1
0DR0203;K104A_SEKW_T2
0DR0204;K104A_SEKW_T3
0DR0205;K104A_AWARIA_X2_SP
0DR0206;K104A_X1_STV
0DR0207;K104A_X2_STV
0DR0208;K104A_X11_STV
0DR0209;K104A_X21_STV
0DR0210;K104A_X1
0DR0211;K104A_X2
0DR0212;K104A_X11
0DR0213;K104A_X21
0DR0214;K104A_X1_SP
0DR0215;K104A_X2_SP
0DR0216;K104A_X11_SP
0DR0217;K104A_X21_SP
0DR0218;K104A_SEKW_FAZA_ODC
0DR0219;K104A_SEKW_FAZA_URUCH
0DR0250;K104A_FIFO_ROK
0DR0251;K104A_FIFO_MIESIAC
0DR0252;K104A_FIFO_DZIEN
0DR0253;K104A_FIFO_GODZINA
0DR0254;K104A_FIFO_MINUTA
0DR0255;K104A_FIFO_SEKUNDA
0DR0256;K104A_FIFO_ALARMY
0DR0257;K104A_FIFO_ALARMY2
0DR0258;K104A_FIFO_M05
0DR0259;K104A_FIFO_M06
0EF0495;K104_30_CONTROL_GET
0EF0496;K104_30_CONTROL_GET2
0EF0499;K104_30_SYNC
0EF0500;K104_30_MODE
0EF0501;K104_30_PROTECT
0EF0502;K104_30_SYRENA
0EF0503;K104_30_SYRENA_OFF
0EF0504;K104_30_WG_ZAL
0EF0505;K104_30_WG_WYL
0EF0506;K104_30_WK_ZAL
0EF0507;K104_30_WK_WYL
0EF0508;K104_30_AWARIA
0EF0509;K104_30_AWARIA_STOP
0EF0510;K104_30_X1_OTW
0EF0511;K104_30_X1_ZAM
0EF0512;K104_30_X1_STOP
0EF0513;K104_30_X2_OTW
0EF0514;K104_30_X2_ZAM
0EF0515;K104_30_X2_STOP
0EF0516;K104_30_X11_OTW
0EF0517;K104_30_X11_ZAM
0EF0518;K104_30_X11_STOP
0EF0519;K104_30_X21_OTW
0EF0520;K104_30_X21_ZAM
0EF0521;K104_30_X21_STOP
0EF0522;K104_30_SEKW_ODC
0EF0523;K104_30_SEKW_URUCH
0EF0524;K104_30_SEKW_STOP
0EF0526;K104_30_CONTROL
0EF0527;K104_30_CONTROL2
0EF0564;K104_30_FIFO_READ
0ER0100;K104_30_PR11
0ER0101;K104_30_PR111
0ER0102;K104_30_PR21
0ER0103;K104_30_PR221
0ER0104;K104_30_STATUS
0ER0105;K104_30_ALARMY
0ER0106;K104_30_ALARMY2
0ER0107;K104_30_M05
0ER0108;K104_30_M06
0ER0109;K104_30_GODZINA
0ER0110;K104_30_MINUTA
0ER0111;K104_30_SEKUNDA
0ER0150;K104_30_TR12
0ER0151;K104_30_TR112
0ER0152;K104_30_TR22
0ER0153;K104_30_TR222
0ER0154;K104_30_TR903
0ER0155;K104_30_MR902
0ER0156;K104_30_ROK
0ER0157;K104_30_MIESIAC
0ER0158;K104_30_DZIEN
0ER0163;K104_30_STATUS_H
0ER0164;K104_30_TR12_H
0ER0165;K104_30_TR112_H
0ER0166;K104_30_TR22_H
0ER0167;K104_30_TR222_H
0ER0168;K104_30_PR11_H
0ER0169;K104_30_PR111_H
0ER0170;K104_30_PR21_H
0ER0171;K104_30_PR221_H
0ER0199;StanZasuw/K10430
0ER0200;K104_30_MAX_P
0ER0201;K104_30_SEKW_T0
0ER0202;K104_30_SEKW_T1
0ER0203;K104_30_SEKW_T2
0ER0204;K104_30_SEKW_T3
0ER0205;K104_30_AWARIA_X2_SP
0ER0206;K104_30_X1_STV
0ER0207;K104_30_X2_STV
0ER0208;K104_30_X11_STV
0ER0209;K104_30_X21_STV
0ER0210;K104_30_X1
0ER0211;K104_30_X2
0ER0212;K104_30_X11
0ER0213;K104_30_X21
0ER0214;K104_30_X1_SP
0ER0215;K104_30_X2_SP
0ER0216;K104_30_X11_SP
0ER0217;K104_30_X21_SP
0ER0218;K104_30_SEKW_FAZA_ODC
0ER0219;K104_30_SEKW_FAZA_URUCH
0ER0250;K104_30_FIFO_ROK
0ER0251;K104_30_FIFO_MIESIAC
0ER0252;K104_30_FIFO_DZIEN
0ER0253;K104_30_FIFO_GODZINA
0ER0254;K104_30_FIFO_MINUTA
0ER0255;K104_30_FIFO_SEKUNDA
0ER0256;K104_30_FIFO_ALARMY
0ER0257;K104_30_FIFO_ALARMY2
0ER0258;K104_30_FIFO_M05
0ER0259;K104_30_FIFO_M06
0FF0495;K164_CONTROL_GET
0FF0496;K164_CONTROL_GET2
0FF0499;K164_SYNC
0FF0500;K164_MODE
0FF0501;K164_PROTECT
0FF0502;K164_SYRENA
0FF0503;K164_SYRENA_OFF
0FF0504;K164_WG_ZAL
0FF0505;K164_WG_WYL
0FF0506;K164_WK_ZAL
0FF0507;K164_WK_WYL
0FF0508;K164_AWARIA
0FF0509;K164_AWARIA_STOP
0FF0510;K164_X1_OTW
0FF0511;K164_X1_ZAM
0FF0512;K164_X1_STOP
0FF0513;K164_X2_OTW
0FF0514;K164_X2_ZAM
0FF0515;K164_X2_STOP
0FF0516;K164_X11_OTW
0FF0517;K164_X11_ZAM
0FF0518;K164_X11_STOP
0FF0519;K164_X21_OTW
0FF0520;K164_X21_ZAM
0FF0521;K164_X21_STOP
0FF0522;K164_SEKW_ODC
0FF0523;K164_SEKW_URUCH
0FF0524;K164_SEKW_STOP
0FF0526;K164_CONTROL
0FF0527;K164_CONTROL2
0FF0564;K164_FIFO_READ
0FR0100;K164_PR11
0FR0101;K164_PR111
0FR0102;K164_PR21
0FR0103;K164_PR221
0FR0104;K164_STATUS
0FR0105;K164_ALARMY
0FR0106;K164_ALARMY2
0FR0107;K164_M05
0FR0108;K164_M06
0FR0109;K164_GODZINA
0FR0110;K164_MINUTA
0FR0111;K164_SEKUNDA
0FR0150;K164_TR12
0FR0151;K164_TR112
0FR0152;K164_TR22
0FR0153;K164_TR222
0FR0154;K164_TR903
0FR0155;K164_MR902
0FR0156;K164_ROK
0FR0157;K164_MIESIAC
0FR0158;K164_DZIEN
0FR0163;K164_STATUS_H
0FR0164;K164_TR12_H
0FR0165;K164_TR112_H
0FR0166;K164_TR22_H
0FR0167;K164_TR222_H
0FR0168;K164_PR11_H
0FR0169;K164_PR111_H
0FR0170;K164_PR21_H
0FR0171;K164_PR221_H
0FR0199;StanZasuw/K164
0FR0200;K164_MAX_P
0FR0201;K164_SEKW_T0
0FR0202;K164_SEKW_T1
0FR0203;K164_SEKW_T2
0FR0204;K164_SEKW_T3
0FR0205;K164_AWARIA_X2_SP
0FR0206;K164_X1_STV
0FR0207;K164_X2_STV
0FR0208;K164_X11_STV
0FR0209;K164_X21_STV
0FR0210;K164_X1
0FR0211;K164_X2
0FR0212;K164_X11
0FR0213;K164_X21
0FR0214;K164_X1_SP
0FR0215;K164_X2_SP
0FR0216;K164_X11_SP
0FR0217;K164_X21_SP
0FR0218;K164_SEKW_FAZA_ODC
0FR0219;K164_SEKW_FAZA_URUCH
0FR0250;K164_FIFO_ROK
0FR0251;K164_FIFO_MIESIAC
0FR0252;K164_FIFO_DZIEN
0FR0253;K164_FIFO_GODZINA
0FR0254;K164_FIFO_MINUTA
0FR0255;K164_FIFO_SEKUNDA
0FR0256;K164_FIFO_ALARMY
0FR0257;K164_FIFO_ALARMY2
0FR0258;K164_FIFO_M05
0FR0259;K164_FIFO_M06
0FR0299;K164_REG_FAZA
0FR0300;K164_K_PODZIAL
10F0495;K175_CONTROL_GET
10F0496;K175_CONTROL_GET2
10F0499;K175_SYNC
10F0500;K175_MODE
10F0501;K175_PROTECT
10F0502;K175_SYRENA
10F0503;K175_SYRENA_OFF
10F0504;K175_WG_ZAL
10F0505;K175_WG_WYL
10F0506;K175_WK_ZAL
10F0507;K175_WK_WYL
10F0508;K175_AWARIA
10F0509;K175_AWARIA_STOP
10F0510;K175_X1_OTW
10F0511;K175_X1_ZAM
10F0512;K175_X1_STOP
10F0513;K175_X2_OTW
10F0514;K175_X2_ZAM
10F0515;K175_X2_STOP
10F0516;K175_X11_OTW
10F0517;K175_X11_ZAM
10F0518;K175_X11_STOP
10F0519;K175_X21_OTW
10F0520;K175_X21_ZAM
10F0521;K175_X21_STOP
10F0522;K175_SEKW_ODC
10F0523;K175_SEKW_URUCH
10F0524;K175_SEKW_STOP
10F0526;K175_CONTROL
10F0527;K175_CONTROL2
10F0564;K175_FIFO_READ
10R0100;K175_PR11
10R0101;K175_PR111
10R0102;K175_PR21
10R0103;K175_PR221
10R0104;K175_STATUS
10R0105;K175_ALARMY
10R0106;K175_ALARMY2
10R0107;K175_M05
10R0108;K175_M06
10R0109;K175_GODZINA
10R0110;K175_MINUTA
10R0111;K175_SEKUNDA
10R0150;K175_TR12
10R0151;K175_TR112
10R0152;K175_TR22
10R0153;K175_TR222
10R0154;K175_TR903
10R0155;K175_MR902
10R0156;K175_ROK
10R0157;K175_MIESIAC
10R0158;K175_DZIEN
10R0163;K175_STATUS_H
10R0164;K175_TR12_H
10R0165;K175_TR112_H
10R0166;K175_TR22_H
10R0167;K175_TR222_H
10R0168;K175_PR11_H
10R0169;K175_PR111_H
10R0170;K175_PR21_H
10R0171;K175_PR221_H
10R0199;StanZasuw/K175
10R0200;K175_MAX_P
10R0201;K175_SEKW_T0
10R0202;K175_SEKW_T1
10R0203;K175_SEKW_T2
10R0204;K175_SEKW_T3
10R0205;K175_AWARIA_X2_SP
10R0206;K175_X1_STV
10R0207;K175_X2_STV
10R0208;K175_X11_STV
10R0209;K175_X21_STV
10R0210;K175_X1
10R0211;K175_X2
10R0212;K175_X11
10R0213;K175_X21
10R0214;K175_X1_SP
10R0215;K175_X2_SP
10R0216;K175_X11_SP
10R0217;K175_X21_SP
10R0218;K175_SEKW_FAZA_ODC
10R0219;K175_SEKW_FAZA_URUCH
10R0250;K175_FIFO_ROK
10R0251;K175_FIFO_MIESIAC
10R0252;K175_FIFO_DZIEN
10R0253;K175_FIFO_GODZINA
10R0254;K175_FIFO_MINUTA
10R0255;K175_FIFO_SEKUNDA
10R0256;K175_FIFO_ALARMY
10R0257;K175_FIFO_ALARMY2
10R0258;K175_FIFO_M05
10R0259;K175_FIFO_M06
10R0299;K175_REG_FAZA
10R0300;K175_K_PODZIAL
11F0495;K199_CONTROL_GET
11F0496;K199_CONTROL_GET2
11F0499;K199_SYNC
11F0500;K199_MODE
11F0501;K199_PROTECT
11F0502;K199_SYRENA
11F0503;K199_SYRENA_OFF
11F0504;K199_WG_ZAL
11F0505;K199_WG_WYL
11F0506;K199_WK_ZAL
11F0507;K199_WK_WYL
11F0508;K199_AWARIA
11F0509;K199_AWARIA_STOP
11F0510;K199_X1_OTW
11F0511;K199_X1_ZAM
11F0512;K199_X1_STOP
11F0513;K199_X2_OTW
11F0514;K199_X2_ZAM
11F0515;K199_X2_STOP
11F0516;K199_X11_OTW
11F0517;K199_X11_ZAM
11F0518;K199_X11_STOP
11F0519;K199_X21_OTW
11F0520;K199_X21_ZAM
11F0521;K199_X21_STOP
11F0522;K199_SEKW_ODC
11F0523;K199_SEKW_URUCH
11F0524;K199_SEKW_STOP
11F0526;K199_CONTROL
11F0527;K199_CONTROL2
11F0530;K199_X3_OTW
11F0531;K199_X3_ZAM
11F0532;K199_X3_STOP
11F0533;K199_X4_OTW
11F0534;K199_X4_ZAM
11F0535;K199_X4_STOP
11F0536;K199_X31_OTW
11F0537;K199_X31_ZAM
11F0538;K199_X31_STOP
11F0539;K199_X41_OTW
11F0540;K199_X41_ZAM
11F0541;K199_X41_STOP
11F0542;K199_SEKW_ODC1
11F0543;K199_SEKW_URUCH1
11F0544;K199_AWARIA1
11F0545;K199_AWARIA2
11F0550;K199_X5_OTW
11F0551;K199_X5_ZAM
11F0552;K199_X5_STOP
11F0553;K199_X6_OTW
11F0554;K199_X6_ZAM
11F0555;K199_X6_STOP
11F0556;K199_X51_OTW
11F0557;K199_X51_ZAM
11F0558;K199_X51_STOP
11F0559;K199_X61_OTW
11F0560;K199_X61_ZAM
11F0561;K199_X61_STOP
11F0562;K199_SEKW_ODC2
11F0563;K199_SEKW_URUCH2
11F0564;K199_FIFO_READ
11R0100;K199_PR11
11R0101;K199_PR111
11R0102;K199_PR21
11R0103;K199_PR221
11R0104;K199_STATUS
11R0105;K199_ALARMY
11R0106;K199_ALARMY2
11R0107;K199_M05
11R0108;K199_M06
11R0109;K199_GODZINA
11R0110;K199_MINUTA
11R0111;K199_SEKUNDA
11R0112;K199_PR31
11R0113;K199_PR41
11R0114;K199_M10
11R0115;K199_PR51
11R0116;K199_PR61
11R0117;K199_M11
11R0150;K199_TR12
11R0151;K199_TR112
11R0152;K199_TR22
11R0153;K199_TR222
11R0154;K199_TR903
11R0155;K199_MR902
11R0156;K199_ROK
11R0157;K199_MIESIAC
11R0158;K199_DZIEN
11R0159;K199_TR32
11R0160;K199_TR42
11R0161;K199_TR52
11R0162;K199_TR62
11R0163;K199_STATUS_H
11R0164;K199_TR12_H
11R0165;K199_TR112_H
11R0166;K199_TR22_H
11R0167;K199_TR222_H
11R0168;K199_PR11_H
11R0169;K199_PR111_H
11R0170;K199_PR21_H
11R0171;K199_PR221_H
11R0172;K199_TR32_H
11R0173;K199_TR42_H
11R0174;K199_PR31_H
11R0175;K199_PR41_H
11R0176;K199_TR52_H
11R0177;K199_TR62_H
11R0178;K199_PR51_H
11R0179;K199_PR61_H
11R0199;StanZasuw/K199
11R0200;K199_MAX_P
11R0201;K199_SEKW_T0
11R0202;K199_SEKW_T1
11R0203;K199_SEKW_T2
11R0204;K199_SEKW_T3
11R0205;K199_AWARIA_X2_SP
11R0206;K199_X1_STV
11R0207;K199_X2_STV
11R0208;K199_X11_STV
11R0209;K199_X21_STV
11R0210;K199_X1
11R0211;K199_X2
11R0212;K199_X11
11R0213;K199_X21
11R0214;K199_X1_SP
11R0215;K199_X2_SP
11R0216;K199_X11_SP
11R0217;K199_X21_SP
11R0218;K199_SEKW_FAZA_ODC
11R0219;K199_SEKW_FAZA_URUCH
11R0220;K199_X3
11R0221;K199_X4
11R0222;K199_X31
11R0223;K199_X41
11R0224;K199_X3_SP
11R0225;K199_X4_SP
11R0226;K199_X31_SP
11R0227;K199_X41_SP
11R0228;K199_SEKW_FAZA_34
11R0230;K199_X5
11R0231;K199_X6
11R0232;K199_X51
11R0233;K199_X61
11R0234;K199_X5_SP
11R0235;K199_X6_SP
11R0236;K199_X51_SP
11R0237;K199_X61_SP
11R0238;K199_SEKW_FAZA_56
11R0250;K199_FIFO_ROK
11R0251;K199_FIFO_MIESIAC
11R0252;K199_FIFO_DZIEN
11R0253;K199_FIFO_GODZINA
11R0254;K199_FIFO_MINUTA
11R0255;K199_FIFO_SEKUNDA
11R0256;K199_FIFO_ALARMY
11R0257;K199_FIFO_ALARMY2
11R0258;K199_FIFO_M05
11R0259;K199_FIFO_M06
12F0495;K1014_1_CONTROL_GET
12F0496;K1014_1_CONTROL_GET2
12F0499;K1014_1_SYNC
12F0500;K1014_1_MODE
12F0501;K1014_1_PROTECT
12F0502;K1014_1_SYRENA
12F0503;K1014_1_SYRENA_OFF
12F0504;K1014_1_WG_ZAL
12F0505;K1014_1_WG_WYL
12F0506;K1014_1_WK_ZAL
12F0507;K1014_1_WK_WYL
12F0508;K1014_1_AWARIA
12F0509;K1014_1_AWARIA_STOP
12F0510;K1014_1_X1_OTW
12F0511;K1014_1_X1_ZAM
12F0512;K1014_1_X1_STOP
12F0513;K1014_1_X2_OTW
12F0514;K1014_1_X2_ZAM
12F0515;K1014_1_X2_STOP
12F0516;K1014_1_X11_OTW
12F0517;K1014_1_X11_ZAM
12F0518;K1014_1_X11_STOP
12F0519;K1014_1_X21_OTW
12F0520;K1014_1_X21_ZAM
12F0521;K1014_1_X21_STOP
12F0522;K1014_1_SEKW_ODC
12F0523;K1014_1_SEKW_URUCH
12F0524;K1014_1_SEKW_STOP
12F0526;K1014_1_CONTROL
12F0527;K1014_1_CONTROL2
12F0564;K1014_1_FIFO_READ
12R0100;K1014_1_PR11
12R0101;K1014_1_PR111
12R0102;K1014_1_PR21
12R0103;K1014_1_PR221
12R0104;K1014_1_STATUS
12R0105;K1014_1_ALARMY
12R0106;K1014_1_ALARMY2
12R0107;K1014_1_M05
12R0108;K1014_1_M06
12R0109;K1014_1_GODZINA
12R0110;K1014_1_MINUTA
12R0111;K1014_1_SEKUNDA
12R0150;K1014_1_TR12
12R0151;K1014_1_TR112
12R0152;K1014_1_TR22
12R0153;K1014_1_TR222
12R0154;K1014_1_TR903
12R0155;K1014_1_MR902
12R0156;K1014_1_ROK
12R0157;K1014_1_MIESIAC
12R0158;K1014_1_DZIEN
12R0163;K1014_1_STATUS_H
12R0164;K1014_1_TR12_H
12R0165;K1014_1_TR112_H
12R0166;K1014_1_TR22_H
12R0167;K1014_1_TR222_H
12R0168;K1014_1_PR11_H
12R0169;K1014_1_PR111_H
12R0170;K1014_1_PR21_H
12R0171;K1014_1_PR221_H
12R0199;StanZasuw/K1014
12R0200;K1014_1_MAX_P
12R0201;K1014_1_SEKW_T0
12R0202;K1014_1_SEKW_T1
12R0203;K1014_1_SEKW_T2
12R0204;K1014_1_SEKW_T3
12R0205;K1014_1_AWARIA_X2_SP
12R0206;K1014_1_X1_STV
12R0207;K1014_1_X2_STV
12R0208;K1014_1_X11_STV
12R0209;K1014_1_X21_STV
12R0210;K1014_1_X1
12R0211;K1014_1_X2
12R0212;K1014_1_X11
12R0213;K1014_1_X21
12R0214;K1014_1_X1_SP
12R0215;K1014_1_X2_SP
12R0216;K1014_1_X11_SP
12R0217;K1014_1_X21_SP
12R0218;K1014_1_SEKW_FAZA_ODC
12R0219;K1014_1_SEKW_FAZA_URUCH
12R0250;K1014_1_FIFO_ROK
12R0251;K1014_1_FIFO_MIESIAC
12R0252;K1014_1_FIFO_DZIEN
12R0253;K1014_1_FIFO_GODZINA
12R0254;K1014_1_FIFO_MINUTA
12R0255;K1014_1_FIFO_SEKUNDA
12R0256;K1014_1_FIFO_ALARMY
12R0257;K1014_1_FIFO_ALARMY2
12R0258;K1014_1_FIFO_M05
12R0259;K1014_1_FIFO_M06
13F0495;K22_CONTROL_GET
13F0496;K22_CONTROL_GET2
13F0499;K22_SYNC
13F0500;K22_MODE
13F0501;K22_PROTECT
13F0502;K22_SYRENA
13F0503;K22_SYRENA_OFF
13F0504;K22_WG_ZAL
13F0505;K22_WG_WYL
13F0506;K22_WK_ZAL
13F0507;K22_WK_WYL
13F0508;K22_AWARIA
13F0509;K22_AWARIA_STOP
13F0510;K22_X1_OTW
13F0511;K22_X1_ZAM
13F0512;K22_X1_STOP
13F0513;K22_X2_OTW
13F0514;K22_X2_ZAM
13F0515;K22_X2_STOP
13F0516;K22_X11_OTW
13F0517;K22_X11_ZAM
13F0518;K22_X11_STOP
13F0519;K22_X21_OTW
13F0520;K22_X21_ZAM
13F0521;K22_X21_STOP
13F0522;K22_SEKW_ODC
13F0523;K22_SEKW_URUCH
13F0524;K22_SEKW_STOP
13F0526;K22_CONTROL
13F0527;K22_CONTROL2
13F0564;K22_FIFO_READ
13R0100;K22_PR11
13R0101;K22_PR111
13R0102;K22_PR21
13R0103;K22_PR221
13R0104;K22_STATUS
13R0105;K22_ALARMY
13R0106;K22_ALARMY2
13R0107;K22_M05
13R0108;K22_M06
13R0109;K22_GODZINA
13R0110;K22_MINUTA
13R0111;K22_SEKUNDA
13R0150;K22_TR12
13R0151;K22_TR112
13R0152;K22_TR22
13R0153;K22_TR222
13R0154;K22_TR903
13R0155;K22_MR902
13R0156;K22_ROK
13R0157;K22_MIESIAC
13R0158;K22_DZIEN
13R0163;K22_STATUS_H
13R0164;K22_TR12_H
13R0165;K22_TR112_H
13R0166;K22_TR22_H
13R0167;K22_TR222_H
13R0168;K22_PR11_H
13R0169;K22_PR111_H
13R0170;K22_PR21_H
13R0171;K22_PR221_H
13R0199;StanZasuw/K22
13R0200;K22_MAX_P
13R0201;K22_SEKW_T0
13R0202;K22_SEKW_T1
13R0203;K22_SEKW_T2
13R0204;K22_SEKW_T3
13R0205;K22_AWARIA_X2_SP
13R0206;K22_X1_STV
13R0207;K22_X2_STV
13R0208;K22_X11_STV
13R0209;K22_X21_STV
13R0210;K22_X1
13R0211;K22_X2
13R0212;K22_X11
13R0213;K22_X21
13R0214;K22_X1_SP
13R0215;K22_X2_SP
13R0216;K22_X11_SP
13R0217;K22_X21_SP
13R0218;K22_SEKW_FAZA_ODC
13R0219;K22_SEKW_FAZA_URUCH
13R0250;K22_FIFO_ROK
13R0251;K22_FIFO_MIESIAC
13R0252;K22_FIFO_DZIEN
13R0253;K22_FIFO_GODZINA
13R0254;K22_FIFO_MINUTA
13R0255;K22_FIFO_SEKUNDA
13R0256;K22_FIFO_ALARMY
13R0257;K22_FIFO_ALARMY2
13R0258;K22_FIFO_M05
13R0259;K22_FIFO_M06
14F0495;K1023_CONTROL_GET
14F0496;K1023_CONTROL_GET2
14F0499;K1023_SYNC
14F0500;K1023_MODE
14F0501;K1023_PROTECT
14F0502;K1023_SYRENA
14F0503;K1023_SYRENA_OFF
14F0504;K1023_WG_ZAL
14F0505;K1023_WG_WYL
14F0506;K1023_WK_ZAL
14F0507;K1023_WK_WYL
14F0508;K1023_AWARIA
14F0509;K1023_AWARIA_STOP
14F0510;K1023_X1_OTW
14F0511;K1023_X1_ZAM
14F0512;K1023_X1_STOP
14F0513;K1023_X2_OTW
14F0514;K1023_X2_ZAM
14F0515;K1023_X2_STOP
14F0516;K1023_X11_OTW
14F0517;K1023_X11_ZAM
14F0518;K1023_X11_STOP
14F0519;K1023_X21_OTW
14F0520;K1023_X21_ZAM
14F0521;K1023_X21_STOP
14F0522;K1023_SEKW_ODC
14F0523;K1023_SEKW_URUCH
14F0524;K1023_SEKW_STOP
14F0526;K1023_CONTROL
14F0527;K1023_CONTROL2
14F0564;K1023_FIFO_READ
14R0100;K1023_PR11
14R0101;K1023_PR111
14R0102;K1023_PR21
14R0103;K1023_PR221
14R0104;K1023_STATUS
14R0105;K1023_ALARMY
14R0106;K1023_ALARMY2
14R0107;K1023_M05
14R0108;K1023_M06
14R0109;K1023_GODZINA
14R0110;K1023_MINUTA
14R0111;K1023_SEKUNDA
14R0150;K1023_TR12
14R0151;K1023_TR112
14R0152;K1023_TR22
14R0153;K1023_TR222
14R0154;K1023_TR903
14R0155;K1023_MR902
14R0156;K1023_ROK
14R0157;K1023_MIESIAC
14R0158;K1023_DZIEN
14R0163;K1023_STATUS_H
14R0164;K1023_TR12_H
14R0165;K1023_TR112_H
14R0166;K1023_TR22_H
14R0167;K1023_TR222_H
14R0168;K1023_PR11_H
14R0169;K1023_PR111_H
14R0170;K1023_PR21_H
14R0171;K1023_PR221_H
14R0199;StanZasuw/K1023
14R0200;K1023_MAX_P
14R0201;K1023_SEKW_T0
14R0202;K1023_SEKW_T1
14R0203;K1023_SEKW_T2
14R0204;K1023_SEKW_T3
14R0205;K1023_AWARIA_X2_SP
14R0206;K1023_X1_STV
14R0207;K1023_X2_STV
14R0208;K1023_X11_STV
14R0209;K1023_X21_STV
14R0210;K1023_X1
14R0211;K1023_X2
14R0212;K1023_X11
14R0213;K1023_X21
14R0214;K1023_X1_SP
14R0215;K1023_X2_SP
14R0216;K1023_X11_SP
14R0217;K1023_X21_SP
14R0218;K1023_SEKW_FAZA_ODC
14R0219;K1023_SEKW_FAZA_URUCH
14R0250;K1023_FIFO_ROK
14R0251;K1023_FIFO_MIESIAC
14R0252;K1023_FIFO_DZIEN
14R0253;K1023_FIFO_GODZINA
14R0254;K1023_FIFO_MINUTA
14R0255;K1023_FIFO_SEKUNDA
14R0256;K1023_FIFO_ALARMY
14R0257;K1023_FIFO_ALARMY2
14R0258;K1023_FIFO_M05
14R0259;K1023_FIFO_M06
62R0001;EC3_FZ3
62R0002;EC3_FZ1
62R0003;EC3_FZ2
62R0004;EC3_FU2
62R0005;EC3_FU1
62R0006;EC3_FU3
62R0007;EC2_FU1
62R0008;EC2_FU2
62R0009;EC2_FZ1
62R0010;EC2_FZ2
62R0011;EC2_PP_S
62R0012;EC2_PZ_S
62R0013;EC3_PP_S
62R0014;EC3_PZ_S
63F0300;S/K101_REG_START
63F0301;S/K101_REG_STOP
63F0302;S/K101_REG_ROZDZIEL
63F0309;S/K101_REG_POTWF2
63F0310;S/K101_REG_POTWF3
63F0311;S/K101_REG_POTWF4
63F0312;S/K101_REG_POTWF5
63F0313;S/K101_REG_POTWF6
63F0398;S/SYM_CONT_COM
63F0399;S/SYM_INIT
63F0400;S/SYM_DI_00
63F0401;S/SYM_DI_01
63F0402;S/SYM_DI_02
63F0403;S/SYM_DI_03
63F0404;S/SYM_DI_04
63F0405;S/SYM_DI_05
63F0406;S/SYM_DI_06
63F0407;S/SYM_DI_07
63F0408;S/SYM_DI_08
63F0409;S/SYM_DI_09
63F0410;S/SYM_DI_10
63F0411;S/SYM_DI_11
63F0412;S/SYM_DI_12
63F0413;S/SYM_DI_13
63F0414;S/SYM_DI_14
63F0415;S/SYM_DI_15
63F0416;S/SYM_DI_16
63F0417;S/SYM_DI_17
63F0418;S/SYM_DI_18
63F0419;S/SYM_DI_19
63F0420;S/SYM_DI_20
63F0421;S/SYM_DI_21
63F0422;S/SYM_DI_22
63F0423;S/SYM_DI_23
63F0424;S/SYM_DI_24
63F0425;S/SYM_DI_25
63F0426;S/SYM_DI_26
63F0427;S/SYM_DI_27
63F0428;S/SYM_DI_28
63F0429;S/SYM_DI_29
63F0434;S/SYM_K164_X1_BGE
63F0435;S/SYM_K164_AL_X1
63F0438;S/SYM_K164_X11_BGE
63F0442;S/SYM_K164_X2_BGE
63F0445;S/SYM_K164_X21_BGE
63F0495;S/K101_CONTROL_GET
63F0496;S/K101_CONTROL_GET2
63F0499;S/K101_SYNC
63F0500;S/K101_MODE
63F0501;S/K101_PROTECT
63F0502;S/K101_SYRENA
63F0503;S/K101_SYRENA_OFF
63F0504;S/K101_WG_ZAL
63F0505;S/K101_WG_WYL
63F0506;S/K101_WK_ZAL
63F0507;S/K101_WK_WYL
63F0508;S/K101_AWARIA
63F0509;S/K101_AWARIA_STOP
63F0510;S/K101_X1_OTW
63F0511;S/K101_X1_ZAM
63F0512;S/K101_X1_STOP
63F0513;S/K101_X2_OTW
63F0514;S/K101_X2_ZAM
63F0515;S/K101_X2_STOP
63F0516;S/K101_X11_OTW
63F0517;S/K101_X11_ZAM
63F0518;S/K101_X11_STOP
63F0519;S/K101_X21_OTW
63F0520;S/K101_X21_ZAM
63F0521;S/K101_X21_STOP
63F0522;S/K101_SEKW_ODC
63F0523;S/K101_SEKW_URUCH
63F0524;S/K101_SEKW_STOP
63F0526;S/K101_CONTROL
63F0527;S/K101_CONTROL2
63F0530;S/K164_X1_OTW
63F0531;S/K164_X1_ZAM
63F0532;S/K164_X1_STOP
63F0533;S/K164_X2_OTW
63F0534;S/K164_X2_ZAM
63F0535;S/K164_X2_STOP
63F0536;S/K164_X11_OTW
63F0537;S/K164_X11_ZAM
63F0538;S/K164_X11_STOP
63F0539;S/K164_X21_OTW
63F0540;S/K164_X21_ZAM
63F0541;S/K164_X21_STOP
63F0542;S/K164_SEKW_ODC
63F0543;S/K164_SEKW_URUCH
63F0544;S/K164_AWARIA
63F0546;S/K164_MODE
63F0547;S/K164_CONTROL
63F0564;S/K101_FIFO_READ
63F0600;S/SYM_X1_TAB_ZAM
63F0601;S/SYM_X1_TAB_OTW
63F0602;S/SYM_X2_TAB_ZAM
63F0603;S/SYM_X2_TAB_OTW
63F0604;S/SYM_X11_TAB_ZAM
63F0605;S/SYM_X11_TAB_OTW
63F0606;S/SYM_X21_TAB_ZAM
63F0607;S/SYM_X21_TAB_OTW
63F0608;S/SYM_LIGHT
63F0609;S/SYM_K164_USZKODZENIE_P_KRYT
63F0610;S/SYM_K164_USZKODZENIE_P
63R0100;S/K101_PR11
63R0101;S/K101_PR111
63R0102;S/K101_PR21
63R0103;S/K101_PR221
63R0104;S/K101_STATUS
63R0105;S/K101_ALARMY
63R0106;S/K101_ALARMY2
63R0107;S/K101_M05
63R0108;S/K101_M06
63R0109;S/K101_GODZINA
63R0110;S/K101_MINUTA
63R0111;S/K101_SEKUNDA
63R0112;S/K164_PR11
63R0113;S/K164_PR21
63R0114;S/K164_M05
63R0115;S/K164_PR111
63R0116;S/K164_PR221
63R0150;S/K101_TR12
63R0151;S/K101_TR112
63R0152;S/K101_TR22
63R0153;S/K101_TR222
63R0154;S/K101_TR903
63R0155;S/K101_MR902
63R0156;S/K101_ROK
63R0157;S/K101_MIESIAC
63R0158;S/K101_DZIEN
63R0163;S/K101_STATUS_H
63R0164;S/K101_TR12_H
63R0165;S/K101_TR112_H
63R0166;S/K101_TR22_H
63R0167;S/K101_TR222_H
63R0168;S/K101_PR11_H
63R0169;S/K101_PR111_H
63R0170;S/K101_PR21_H
63R0171;S/K101_PR221_H
63R0199;StanZasuw/S/K101
63R0200;S/K101_MAX_P
63R0201;S/K101_SEKW_T0
63R0202;S/K101_SEKW_T1
63R0203;S/K101_SEKW_T2
63R0204;S/K101_SEKW_T3
63R0205;S/K101_AWARIA_X2_SP
63R0206;S/K101_X1_STV
63R0207;S/K101_X2_STV
63R0208;S/K101_X11_STV
63R0209;S/K101_X21_STV
63R0210;S/K101_X1
63R0211;S/K101_X2
63R0212;S/K101_X11
63R0213;S/K101_X21
63R0214;S/K101_X1_SP
63R0215;S/K101_X2_SP
63R0216;S/K101_X11_SP
63R0217;S/K101_X21_SP
63R0218;S/K101_SEKW_FAZA_ODC
63R0219;S/K101_SEKW_FAZA_URUCH
63R0220;S/K164_X1
63R0221;S/K164_X2
63R0222;S/K164_X11
63R0223;S/K164_X21
63R0224;S/K164_X1_SP
63R0225;S/K164_X2_SP
63R0226;S/K164_X11_SP
63R0227;S/K164_X21_SP
63R0228;S/K164_SEKW_FAZA_ODC
63R0238;S/K164_SEKW_FAZA_URUCH
63R0250;S/K101_FIFO_ROK
63R0251;S/K101_FIFO_MIESIAC
63R0252;S/K101_FIFO_DZIEN
63R0253;S/K101_FIFO_GODZINA
63R0254;S/K101_FIFO_MINUTA
63R0255;S/K101_FIFO_SEKUNDA
63R0256;S/K101_FIFO_ALARMY
63R0257;S/K101_FIFO_ALARMY2
63R0258;S/K101_FIFO_M05
63R0259;S/K101_FIFO_M06
63R0292;S/K164_REG_FAZA
63R0293;S/K164_K_PODZIAL
63R0295;S/K101_REG_EC2_FZ
63R0296;S/EC3_FZ_RAMPA
63R0297;S/K101_REG_EC3_FZ
63R0298;S/K101_REG_ALARMY
63R0299;S/K101_REG_FAZA
63R0300;S/K_PODZIAL
63R0301;S/EC3_FZ_Z
63R0302;S/K101_REG_PR21
63R0303;S/EC2_FZ_Z
63R0304;S/K101_K175_EC2PP
63R0305;S/K101_K175_EC2PZ
63R0306;S/K101_K175_EC3PP
63R0307;S/K101_K175_EC3PZ
63R0308;S/K101_K175_MDI5
63R0309;S/K101_K175_AISTATUS
63R0310;S/K101_K164_PR21
63R0311;S/K101_K164_PR11
63R0312;S/K101_K164_PR221
63R0313;S/K101_K164_PR111
63R0314;S/K101_K164_M05
63R0315;S/K101_K164_STATUS
63R0316;S/K101_K110_EC2PP
63R0317;S/K101_K110_EC2PZ
63R0318;S/K101_K110_EC3PP
63R0319;S/K101_K110_EC3PZ
63R0320;S/K101_K110_MDI5
63R0321;S/K101_K110_AISTATUS
63R0322;S/K101_EC2_FZN
63R0323;S/K101_EC2_FZS
63R0324;S/K101_EC3_FZ
63R0326;S/K101_EC3_FZRAD
63R0327;S/K101_EC3_FZPOJ
63R0328;S/K101_EC3_FZK954
63R0600;S/SYM_ZT12
63R0601;S/SYM_ZT112
63R0602;S/SYM_ZT22
63R0603;S/SYM_ZT222
63R0604;S/SYM_ZT903
63R0605;S/SYM_ZM902
63R0606;S/SYM_ZPZ
63R0607;S/SYM_POZ_0SAR
63R0608;S/SYM_WSP_VZAS
63R0610;S/SYM_ZX1
63R0611;S/SYM_ZX2
63R0612;S/SYM_ZX11
63R0613;S/SYM_ZX21
63R0624;S/K101_SYM_PZ_EC2
63R0625;S/K101_SYM_PZ_EC3
63R0626;S/K101_SYM_PP_EC2 
63R0627;S/K101_SYM_PP_EC3
63R0628;S/K101_SYM_KP_PZ_EC2
63R0629;S/K101_SYM_KP_PZ_EC3
63R0630;S/K101_SYM_KP_PP_EC2
63R0631;S/K101_SYM_KP_PP_EC3
63R1151;S/CZAS_KOMUNIKACJI_KOMORY
CDCEC2/10/add400;CDC_F721
CDCEC2/10/add401;CDC_Q721
CDCEC2/10/add402;CDC_T722
CDCEC2/10/add403;CDC_P723
CDCEC2/10/add404;CDC_F724
CDCEC2/10/add405;CDC_Q724
CDCEC2/10/add406;CDC_T725
CDCEC2/10/add407;CDC_P726
CDCEC2/10/add408;CDC_F727
CDCEC2/10/add409;CDC_Q727
CDCEC2/10/add410;CDC_T728
CDCEC2/10/add411;CDC_P729
CDCEC2/10/add412;CDC_F730
CDCEC2/10/add413;CDC_Q730
CDCEC2/10/add414;CDC_T731
CDCEC2/10/add415;CDC_P732
CDCEC2/10/add418;P345
CDCEC2/10/add419;CDC_F754
CDCEC2/10/add420;CDC_T755
CDCEC2/10/add421;CDC_P756
CDCEC2/10/add422;CDC_F757
CDCEC2/10/add423;CDC_T758
CDCEC2/10/add424;CDC_P759
CDCEC2/10/add428;CDC_F763
CDCEC2/10/add429;CDC_T764
CDCEC2/10/add430;CDC_P765
CDCEC2/10/add436;CDC_UM
CDCEC2/10/add437;CDC_UD
CDCEC2/10/add460;CDC_F770
CDCEC2/10/add461;CDC_Q773
CDCEC2/10/add462;CDC_T774
CDCEC2/10/add463;CDC_P775
CDCEC2/10/add464;CDC_T776
CDCEC2/10/add465;CDC_P777
CDCEC2/10/add490;CDC_F778
CDCEC2/10/add491;CDC_Q781
CDCEC2/10/add492;CDC_T782
CDCEC2/10/add493;CDC_P783
CDCEC2/10/add494;CDC_T784
CDCEC2/10/add495;CDC_P785
CDCEC3/10/add197;E3B197BO
CDCEC3/10/add200;E3B203BO
CDCEC3/10/add3008;E3B08TNN
CDCEC3/10/add3009;E3B09PBO
CDCEC3/10/add3010;E3B10FNN
CDCEC3/10/add3011;E3B11TNN
CDCEC3/10/add3012;E3B12PBO
CDCEC3/10/add3013;E3B13FNN
CDCEC3/10/add3016;E3B16P05
CDCEC3/10/add3017;E3B17T05
CDCEC3/10/add3018;E3B18F05
CDCEC3/10/add3019;E3B19P06
CDCEC3/10/add3020;E3B20T06
CDCEC3/10/add3021;E3B21F06
CDCEC3/10/add3022;E3B22P10
CDCEC3/10/add3023;E3B23T10
CDCEC3/10/add3024;E3B24PNN
CDCEC3/10/add3025;E3B25TNN
CDCEC3/10/add3026;E3B26PNN
CDCEC3/10/add3027;E3B27TNN
CDCEC3/10/add3028;E3B31F11
CDCEC3/10/add3030;E3B30FNN
CDCEC3/10/add3032;E3B32F10
CDCEC3/10/add3033;E3B33P11
CDCEC3/10/add3034;E3B34T11
CDCEC3/10/add3035;E3B35FNN
CDCEC3/10/add3038;E3B38VNN
CDCEC3/10/add3041;E3B41VNN
CDCEC3/10/add3044;E3B44VNN
CDCEC3/10/add3047;E3B47VNN
CDCEC3/10/add3050;E3B50P18
CDCEC3/10/add3051;E3B51T18
CDCEC3/10/add3052;E3B52F18
CDCEC3/10/add3053;E3B53P19
CDCEC3/10/add3054;E3B54T19
CDCEC3/10/add3057;E3B57VNN
CDCEC3/10/add3064;E3B64V1N
CDCEC3/10/add3065;E3B65V2N
CDCEC3/10/add3066;E3B66FSN
CDCEC3/10/add3070;E3B70P22
CDCEC3/10/add3071;E3B71T22
CDCEC3/10/add3077;E3B77F19
CDCEC3/10/add3078;E3B78FNN
CDCEC3/10/add3079;E3B79FNN
CDCEC3/10/add3080;E3B80F22
CDCEC3/10/add3081;E3B81P23
CDCEC3/10/add3082;E3B82T23
CDCEC3/10/add3083;E3B83F23
CDCEC3/10/add3084;E3B84P24
CDCEC3/10/add3085;E3B85TNN
CDCEC3/10/add3086;E3B86FNN
CDCEC3/10/add3087;E3B87TNN
CDCEC3/10/add3088;E3B88PNN
CDCEC3/10/add3089;E3B89TNN
CDCEC3/10/add3090;E3B90FNN
CDCEC3/10/add3091;E3B91PNN
CDCEC3/10/add3092;E3B92TNN
CDCEC3/10/add3093;E3B93TNN
CDCEC3/10/add3094;E3B94PNN
CDCEC3/10/add3095;E3B95FNN
CDCEC3/10/add3097;E3B97FD1
CDCEC3/10/add3102;E3B102F3
CDCEC3/10/add3104;E3B104PN
CDCEC3/10/add3105;E3B105TN
CDCEC3/10/add3106;E3B106FN
CDCEC3/10/add3107;E3B107PN
CDCEC3/10/add3108;E3B108TN
CDCEC3/10/add3109;E3B109FN_zla
CDCEC3/10/add3110;E3B110PN
CDCEC3/10/add3111;E3B111TN
CDCEC3/10/add3113;E3B109FN
CDCEC3/10/add3120;E3B120TN
CDCEC3/10/add3121;E3B121TN
CDCEC3/10/add3122;E3B122FN
CDCEC3/10/add3123;E3B123PN
CDCEC3/10/add3124;E3B124TN
CDCEC3/10/add3125;E3B125FN
ST_NULL/10/add100;EC2_SUMA_F_WODA
ST_NULL/10/add101;EC2_SUMA_F_PARA
ST_NULL/10/add102;EC2_SR_TZ
ST_NULL/10/add103;EC2_SR_TP
ST_NULL/10/add104;EC2_SR_PZ
ST_NULL/10/add105;EC2_SR_PP
ST_NULL/10/add106;EC2_SR_T_PARA
ST_NULL/10/add107;EC2_SR_P_PARA
ST_NULL/10/add108;EC2_SUMA_UZUP
ST_NULL/10/add109;EC4_SR_P_PARA
ST_NULL/10/add110;EC3_SUMA_F_WODA
ST_NULL/10/add111;EC3_SUMA_F_PARA
ST_NULL/10/add112;EC3_SR_TZ
ST_NULL/10/add113;EC3_SR_TP
ST_NULL/10/add114;EC3_SR_PZ
ST_NULL/10/add115;EC3_SR_PP
ST_NULL/10/add116;EC3_SR_T_PARA
ST_NULL/10/add117;EC3_SR_P_PARA
ST_NULL/10/add118;EC3_SUMA_UZUP
ST_NULL/10/add119;EC4_SR_T_PARA
ST_NULL/10/add120;WS_PDYSP
ST_NULL/10/add121;NULL_TEMP1
ST_NULL/10/add122;NULL_TEMP2
ST_SOCD/10/add200;ZSD_P201
ST_SOCD/10/add201;ZSD_P207
ST_SOCD/10/add202;ZSD_P208
ST_SOCD/10/add203;ZSD_P210
ST_SOCD/10/add206;ZSD_P203
ST_SOCD/10/add216;ZSD_P232
ST_SOCD/10/add217;ZSD_P222
ST_SOCD/10/add218;ZSD_P242
ST_SOCD/10/add220;ZSD_F206
ST_SOCD/10/add336;ZSD_T202
ST_SOCD/10/add337;ZSD_T209
ST_SOCP/10/add200;ZSP_P101
ST_SOCP/10/add201;ZSP_P107
ST_SOCP/10/add202;ZSP_P108
ST_SOCP/10/add203;ZSP_P110
ST_SOCP/10/add207;ZSP_P105
ST_SOCP/10/add216;ZSP_P122
ST_SOCP/10/add217;ZSP_P132
ST_SOCP/10/add218;ZSP_P142
ST_SOCP/10/add220;ZSP_F106
ST_SOCP/10/add336;ZSP_T102
ST_SOCP/10/add337;ZSP_T109
ST_SYMEC2EC3/0/add0;S/SYMEC2EC3/ResetAll
ST_SYMEC2EC3/0/add1;S/SYMEC2EC3/Initialise
ST_SYMEC2EC3/0/add2;S/SYMEC2EC3/Fu2LowStop
ST_SYMEC2EC3/10/add0;S/SYMEC2EC3/P2
ST_SYMEC2EC3/10/add1;S/SYMEC2EC3/P3
ST_SYMEC2EC3/10/add10;S/SYMEC2EC3/PKRZ
ST_SYMEC2EC3/10/add11;S/SYMEC2EC3/PKRP
ST_SYMEC2EC3/10/add12;S/SYMEC2EC3/P2KPZ
ST_SYMEC2EC3/10/add13;S/SYMEC2EC3/P2KPP
ST_SYMEC2EC3/10/add14;S/SYMEC2EC3/P3KPZ
ST_SYMEC2EC3/10/add15;S/SYMEC2EC3/P3KPP
ST_SYMEC2EC3/10/add16;S/SYMEC2EC3/F2U
ST_SYMEC2EC3/10/add17;S/SYMEC2EC3/F3U
ST_SYMEC2EC3/10/add18;S/SYMEC2EC3/F2
ST_SYMEC2EC3/10/add19;S/SYMEC2EC3/F3
ST_SYMEC2EC3/10/add2;S/SYMEC2EC3/AKRZ
ST_SYMEC2EC3/10/add20;S/SYMEC2EC3/FUS
ST_SYMEC2EC3/10/add21;S/SYMEC2EC3/CONF/Pu2
ST_SYMEC2EC3/10/add22;S/SYMEC2EC3/CONF/Pu3
ST_SYMEC2EC3/10/add23;S/SYMEC2EC3/CONF/A2u
ST_SYMEC2EC3/10/add24;S/SYMEC2EC3/CONF/Ao
ST_SYMEC2EC3/10/add25;S/SYMEC2EC3/CONF/Az
ST_SYMEC2EC3/10/add26;S/SYMEC2EC3/CONF/cycle
ST_SYMEC2EC3/10/add27;S/SYMEC2EC3/CONF/F2n
ST_SYMEC2EC3/10/add28;S/SYMEC2EC3/CONF/F3n
ST_SYMEC2EC3/10/add29;S/SYMEC2EC3/CONF/P2kpzn
ST_SYMEC2EC3/10/add3;S/SYMEC2EC3/AKRP
ST_SYMEC2EC3/10/add30;S/SYMEC2EC3/CONF/P2kppn
ST_SYMEC2EC3/10/add31;S/SYMEC2EC3/CONF/P3kpzn
ST_SYMEC2EC3/10/add32;S/SYMEC2EC3/CONF/P3kppn
ST_SYMEC2EC3/10/add33;S/SYMEC2EC3/CONF/P2zn
ST_SYMEC2EC3/10/add34;S/SYMEC2EC3/CONF/P3zn
ST_SYMEC2EC3/10/add35;S/SYMEC2EC3/CONF/P3pn
ST_SYMEC2EC3/10/add36;S/SYMEC2EC3/CONF/P3Stat
ST_SYMEC2EC3/10/add37;S/SYMEC2EC3/CONF/Pu
ST_SYMEC2EC3/10/add38;S/SYMEC2EC3/CONF/R2p
ST_SYMEC2EC3/10/add39;S/SYMEC2EC3/CONF/R2z
ST_SYMEC2EC3/10/add4;S/SYMEC2EC3/AKPZ
ST_SYMEC2EC3/10/add40;S/SYMEC2EC3/CONF/R3p
ST_SYMEC2EC3/10/add41;S/SYMEC2EC3/CONF/R3z
ST_SYMEC2EC3/10/add42;S/SYMEC2EC3/CONF/R2o
ST_SYMEC2EC3/10/add43;S/SYMEC2EC3/CONF/R3o
ST_SYMEC2EC3/10/add44;S/SYMEC2EC3/CONF/R3u
ST_SYMEC2EC3/10/add45;S/SYMEC2EC3/CONF/Tdz
ST_SYMEC2EC3/10/add46;S/SYMEC2EC3/CONF/Tdu
ST_SYMEC2EC3/10/add47;S/SYMEC2EC3/CONF/F2_other_direction
ST_SYMEC2EC3/10/add48;S/SYMEC2EC3/CONF/F3_other_direction
ST_SYMEC2EC3/10/add49;S/SYMEC2EC3/EC2_SUMA_F_WODA
ST_SYMEC2EC3/10/add5;S/SYMEC2EC3/AKPP
ST_SYMEC2EC3/10/add50;S/SYMEC2EC3/EC3_SUMA_F_WODA
ST_SYMEC2EC3/10/add51;S/SYMEC2EC3/AKPZO
ST_SYMEC2EC3/10/add52;S/SYMEC2EC3/AKPPO
ST_SYMEC2EC3/10/add53;S/SYMEC2EC3/CONF/RKPC
ST_SYMEC2EC3/10/add54;S/SYMEC2EC3/CONF/RKRC
ST_SYMEC2EC3/10/add55;S/SYMEC2EC3/CONF/PUWYS
ST_SYMEC2EC3/10/add56;S/SYMEC2EC3/Rkpp_act
ST_SYMEC2EC3/10/add57;S/SYMEC2EC3/Rkpz_act
ST_SYMEC2EC3/10/add58;S/SYMEC2EC3/Rkrp_act
ST_SYMEC2EC3/10/add59;S/SYMEC2EC3/Rkrz_act
ST_SYMEC2EC3/10/add6;S/SYMEC2EC3/P2U
ST_SYMEC2EC3/10/add60;S/SYMEC2EC3/Ru2
ST_SYMEC2EC3/10/add61;S/SYMEC2EC3/Pu2_act
ST_SYMEC2EC3/10/add62;S/SYMEC2EC3/PKPStat
ST_SYMEC2EC3/10/add7;S/SYMEC2EC3/P3U
ST_SYMEC2EC3/10/add8;S/SYMEC2EC3/P2Z
ST_SYMEC2EC3/10/add9;S/SYMEC2EC3/P3Z
